segment,Actual,Forecast,growth_%
0.0,8034.0,889.4100000000001,-88.92942494398805
1.0,40584.0,4363.505,-89.24821358170708
2.0,40577.0,3841.13,-90.53372600241516
3.0,9786.0,147.3,-98.49478847332925
